,t0,t0_sigma
lc_2018fzi_ZTF18abtkqkb_processed.csv,-8.105339049356608,1.503668297849939
lc_2018grv_ZTF18abwerpm_processed.csv,-8.690602715566772,1.21785056789112
lc_2018gxi_ZTF18abzscns_processed.csv,-2.9377339131366726,2.134026850654026
lc_2018hgl_ZTF18acbxshd_processed.csv,-11.696873972722427,1.290374345999739
lc_2018hka_ZTF18acbudzh_processed.csv,-5.860699195859947,0.902883587391514
lc_2018hkb_ZTF18acbudzo_processed.csv,-2.9303947311237715,4.005979828426463
lc_2018hrs_ZTF18acbufud_processed.csv,-15.771543269288388,9.828239698500964
lc_2018huc_ZTF18acbvcmw_processed.csv,-4.852267670799266,4.8105377799160935
lc_2018hxq_ZTF18abyiusv_processed.csv,-15.798187291453488,5.732343961152033
lc_2018hyy_ZTF18acckoil_processed.csv,-2.3884865679368086,2.839884529627775
lc_2018ifh_ZTF18accjwuo_processed.csv,-13.47057043786002,7.651376624040133
lc_2018ijn_ZTF18acfvhko_processed.csv,-7.898734749593875,6.07228090113613
lc_2018ime_ZTF18achoord_processed.csv,-0.8914325201141425,3.685906551755697
lc_2018iti_ZTF18achqdch_processed.csv,-4.661922543691839,1.0443357181122117
lc_2018itr_ZTF18acmyxfx_processed.csv,-3.968301673314225,6.756642256054373
lc_2018iuj_ZTF18acmyhbd_processed.csv,-7.902005562856322,6.722652207486821
lc_2018iwg_ZTF18abwbcjx_processed.csv,-4.723660552943559,2.551109850900413
lc_2018iyh_ZTF18acmwyya_processed.csv,-3.835841658988625,3.2456186974305696
lc_2018iyx_ZTF18acptgzz_processed.csv,-5.62947942958971,4.613424409960513
lc_2018izg_ZTF18acrcshq_processed.csv,-9.613711059163688,6.019273407055453
lc_2018jeb_ZTF18acpuxuh_processed.csv,-11.01272974405692,7.185750913719059
lc_2018jjs_ZTF18acrvakb_processed.csv,-4.210855828511993,3.98991701248622
lc_2018jnd_ZTF18actacux_processed.csv,-5.685078525624928,7.737907634687963
lc_2018jwh_ZTF18acuypmo_processed.csv,-4.836749312410407,4.593678439802706
lc_2018kfv_ZTF18acwutbr_processed.csv,-0.6940300149234098,3.0904591770293903
lc_2018koy_ZTF18adaifep_processed.csv,-1.5514598535527284,2.546543755951092
lc_2018ksr_ZTF18adaivyd_processed.csv,-7.191350847951599,66.84570684763067
lc_2018lit_ZTF18adbczrq_processed.csv,-6.683528229956503,0.9642775640741406
lc_2018lot_ZTF17aaabgiw_processed.csv,-11.828849754901931,1.93733074406176
lc_2019aba_ZTF19aaeicsm_processed.csv,-4.939207323869042,2.368901401042718
lc_2019aeu_ZTF19aaernbi_processed.csv,-10.057365858031112,3.6714369778310414
lc_2019axj_ZTF19aajwjwq_processed.csv,-4.064842790875276,2.234306483573268
lc_2019biu_ZTF19aalmhlj_processed.csv,-10.493771209050832,8.509701036481845
lc_2019boo_ZTF19aalybmv_processed.csv,-12.387496333938817,11.839112637216498
lc_2019bop_ZTF19aalypsi_processed.csv,-9.16107323199388,9.818684618138692
lc_2019bwo_ZTF19aamgvxq_processed.csv,-16.65415321136857,6.092304615658356
lc_2019bwu_ZTF19aamsjlt_processed.csv,-14.694980997220435,6.294794939800707
lc_2019bxi_ZTF19aamoidt_processed.csv,-6.598732095342516,4.402118710559088
lc_2019cxt_ZTF19aapelnr_processed.csv,-8.820775898013618,7.137486911891621
lc_2019dhz_ZTF19aapfnym_processed.csv,-0.5245281659240564,3.1002073594473423
lc_2019fp_ZTF19aaajbmv_processed.csv,-2.689722845008341,3.524452161949863
lc_2019mbi_ZTF19abjibet_processed.csv,-6.26677360896565,2.858094133729782
lc_2019mdw_ZTF19abinjcy_processed.csv,-7.470244070982597,4.327512428081525
lc_2019mrg_ZTF19abjrkqn_processed.csv,-1.374821064569766,3.0210387812006294
lc_2019nnr_ZTF19ablkizm_processed.csv,-13.1445414420659,2.956505455711693
lc_2019nvk_ZTF19abpullv_processed.csv,-5.392563059956523,16.471743295671825
lc_2019nzq_ZTF19abqstxq_processed.csv,-0.9831730768286638,0.881417389614643
lc_2019ook_ZTF19abrpadx_processed.csv,-9.939150306081324,5.246890704702773
lc_2019opz_ZTF18aavqadc_processed.csv,-11.9030656272576,6.502393386385642
lc_2019osp_ZTF19abrhdui_processed.csv,0.0430100932569182,0.1327282517703605
lc_2019pny_ZTF19abvjcii_processed.csv,-15.964610795864536,3.504089399175953
lc_2019prm_ZTF19abxwkij_processed.csv,-9.564567058649343,6.340278236367569
lc_2019prs_ZTF19abvitks_processed.csv,-11.78110281103154,3.9367109882246014
lc_2019ptf_ZTF19abvisqv_processed.csv,-7.488075407182526,0.6961854641324408
lc_2019pzj_ZTF18acascph_processed.csv,-1.745923569203203,0.9578129053822696
lc_2019qhh_ZTF19abzizfw_processed.csv,-5.421078034360927,6.468703398058405
lc_2019qmt_ZTF19abzmquz_processed.csv,-12.603796417128,23.595729295141417
lc_2019rqd_ZTF19acbpxwt_processed.csv,-4.402029934646128,1.4842456506967827
lc_2019ruc_ZTF19accmcjt_processed.csv,-11.404871548423309,4.888427497789431
lc_2019ruf_ZTF19accmevg_processed.csv,-8.890058852325025,4.615904627509244
lc_2019rvx_ZTF19acctjbv_processed.csv,-8.109674183330373,1.3561555710649764
lc_2019soh_ZTF19acetxvq_processed.csv,-4.558609355698543,5.751407289629559
lc_2019sql_ZTF19acewotx_processed.csv,-4.767348088477504,2.459865774576746
lc_2019str_ZTF19acfslsb_processed.csv,-8.745305150179853,1.962932624217336
lc_2019svm_ZTF19acfwlhy_processed.csv,-14.170417330761948,4.073321292730747
lc_2019swy_ZTF18abywcoi_processed.csv,-0.9439098388555752,0.3278252931409203
lc_2019sxc_ZTF19acgfhfd_processed.csv,0.108884940875859,0.9866905432489654
lc_2019sxe_ZTF19acfvzmr_processed.csv,-4.162140302619658,6.8686504122211804
lc_2019tfa_ZTF19acgqjln_processed.csv,-3.0237033014882666,1.0355370174910248
lc_2019tfd_ZTF19achbhfc_processed.csv,-0.5057214769732452,1.6260263002032171
lc_2019til_ZTF19acfzxms_processed.csv,-6.235952796243811,2.304184805810343
lc_2019bip_ZTF19aallimd_processed.csv,-5.589970421760612,2.063140122277087
lc_2019lmf_ZTF19abghldi_processed.csv,-10.96167335170576,0.9395599361378222
lc_2019lpk_ZTF19abggupq_processed.csv,-13.086377450574462,1.9830988766357711
lc_2019lus_ZTF19abiioum_processed.csv,-8.192751270635378,6.282919539628329
lc_2019lut_ZTF19abilrvz_processed.csv,,
lc_2019meg_ZTF19abhhjcc_processed.csv,-17.283865939320854,3.71332719792788
lc_2019mue_ZTF19abmylxw_processed.csv,4.697410134283514,0.643406721682558
lc_2019mvj_ZTF19abnmrqt_processed.csv,-6.003424632144071,2.5886707113280227
lc_2019ncd_ZTF19abowcic_processed.csv,-3.42006128557917,0.7422040405026262
lc_2019noc_ZTF19abomagh_processed.csv,-9.585915766624648,2.031411256067469
lc_2019nql_ZTF19abnmnrz_processed.csv,-19.336665413975847,1.0059201893453071
lc_2019nqn_ZTF19abplqji_processed.csv,-13.293148051089704,2.055918546707382
lc_2019nvj_ZTF19abpphqt_processed.csv,-4.852914571854878,0.7924534959770443
lc_2019nxp_ZTF19abqhyep_processed.csv,-5.326763189454182,0.7608986128175221
lc_2019nyf_ZTF19abqmuzn_processed.csv,-4.0367208876475,0.1176915531949495
lc_2019nzp_ZTF19abqiacu_processed.csv,-4.445927524505327,1.6288237403581705
lc_2019owy_ZTF19abtniuc_processed.csv,-7.444334757912129,2.2522312055038527
lc_2019oxo_ZTF19abuhlfb_processed.csv,-10.908607460437048,1.9805129120638785
lc_2019pau_ZTF19abtnwgz_processed.csv,-6.376227096075042,2.802134977108044
lc_2019pdx_ZTF19abuhlxk_processed.csv,4.523581795046654,0.7483793470070181
lc_2019pfb_ZTF19abvdgqo_processed.csv,-4.9524403972545095,0.5652640838276798
lc_2019pgu_ZTF19abulzhy_processed.csv,-2.488804584203578,0.6484843733080644
lc_2019php_ZTF19abuvqgw_processed.csv,-1.9419022498601703,0.5524837683817422
lc_2019pju_ZTF18abfacml_processed.csv,-10.54427487984404,1.4534252301985713
lc_2019pmr_ZTF19abxdpwz_processed.csv,-10.64399567667182,2.065013261579141
lc_2019pmt_ZTF19abxdybz_processed.csv,-6.95886778447856,4.328925697521721
lc_2019pnw_ZTF19abwaohs_processed.csv,0.6007751308601174,1.379928064413763
lc_2019pat_ZTF19abtnmid_processed.csv,-4.203057339037236,0.8262211932644669
lc_2019prw_ZTF19abxfhrq_processed.csv,-2.915578237176032,1.6652465894652864
lc_2019prx_ZTF19abxwvrt_processed.csv,,
lc_2019ptv_ZTF19abxfunp_processed.csv,-2.541624927216566,0.6774823897623374
lc_2019qcu_ZTF19abyamdo_processed.csv,-11.787792840352235,2.118914186352405
lc_2019qcw_ZTF19abxqgqk_processed.csv,-11.97674038445261,1.461859585969689
lc_2019qdh_ZTF19abxwkty_processed.csv,-12.504722955705978,0.7651817628885025
lc_2019qdi_ZTF19abyxihe_processed.csv,-12.734746199339549,1.7065093189842202
lc_2019qew_ZTF19abxglia_processed.csv,-10.726594577137838,2.654494225629305
lc_2019qey_ZTF19abyxpgt_processed.csv,-7.510682656604019,0.7889093471794544
lc_2019qgj_ZTF19abtxoqy_processed.csv,-21.78660527254081,2.366603528870637
lc_2019qib_ZTF19abzfgtf_processed.csv,-2.9742777198211927,20.86370207487539
lc_2019qwj_ZTF19abyxkci_processed.csv,-4.048057605388939,0.938041622861295
lc_2019rdp_ZTF18aboshoe_processed.csv,,
lc_2019rpz_ZTF19acbixgk_processed.csv,-6.239941490605205,0.8438146910539028
lc_2019rqu_ZTF19acbpole_processed.csv,,
lc_2019rvh_ZTF19acbpzjg_processed.csv,-4.830606672392502,1.699049791645065
lc_2019sgq_ZTF19accvilj_processed.csv,-6.023462701660365,0.937984502007876
lc_2019sij_ZTF19acbpxkf_processed.csv,-13.08391868078433,1.5047687085942465
lc_2019slt_ZTF19acdcgqm_processed.csv,-3.757043567170951,1.1993995003871836
lc_2019smf_ZTF19acenjem_processed.csv,-13.511394063060315,1.30776916775743
lc_2019spn_ZTF19acewlxo_processed.csv,-10.54401467757475,2.1042283246896747
lc_2019sqj_ZTF19acdxlns_processed.csv,-4.911317755586164,4.836319096930697
lc_2019sqk_ZTF19aceuacu_processed.csv,-6.013764269495508,1.2242376934409724
lc_2019sqn_ZTF19acewmzw_processed.csv,-1.891863801149688,0.2715270810322593
lc_2019stj_ZTF19acdhckv_processed.csv,-13.619176366427018,2.3527507879732
lc_2019uge_ZTF19acnxvkp_processed.csv,-4.249735229940395,1.649621353787608
lc_2019ugr_ZTF19acordoi_processed.csv,-5.191447610374588,1.4680487118480436
lc_2019uje_ZTF19acpmvcr_processed.csv,-18.14121405471773,6.175035014211077
lc_2019ujw_ZTF19acozdpl_processed.csv,-6.58505946910349,2.281070308184195
lc_2019ukd_ZTF19acniqyw_processed.csv,-5.650514273805411,3.957871800468796
lc_2019sxq_ZTF19acgeoxt_processed.csv,-3.58976619753116,1.1946234996080134
lc_2019syl_ZTF19acfsqjx_processed.csv,-7.066804231226561,2.437777746189653
lc_2019tac_ZTF19acfvqet_processed.csv,-4.765937475059279,1.922741770413546
lc_2019tae_ZTF18acfqtql_processed.csv,-0.6929430107790279,0.2686494925488307
lc_2019tjs_ZTF19acigmtd_processed.csv,-0.5586294182887872,8.293536315378248
lc_2019tju_ZTF19acigqdd_processed.csv,-7.570430194683675,1.0791556760163683
lc_2019tjw_ZTF19acigvtx_processed.csv,-7.199256030410209,1.4900973420702786
lc_2019tjx_ZTF19acigwdr_processed.csv,-6.746208653885849,0.8776700254474915
lc_2019tjz_ZTF19acihfxz_processed.csv,-5.667582027377857,1.3518475027187544
lc_2019tlo_ZTF19achbtdx_processed.csv,-9.32631212538747,0.8286121050667178
lc_2019tta_ZTF19acfsueq_processed.csv,-11.817041201770868,2.6238687154184164
lc_2019tum_ZTF18abadevy_processed.csv,-5.935405551918812,1.6445456593243009
lc_2019uag_ZTF19acmdxbp_processed.csv,-0.0634603923162772,0.0638887852716166
lc_2019uen_ZTF19acnkeji_processed.csv,-4.4479354665861015,4.784391663404223
lc_2019ugb_ZTF19acjjizo_processed.csv,-18.7572785886007,2.970407627746816
lc_2019ulr_ZTF19acmgyka_processed.csv,-3.915821065552622,1.814545280386308
lc_2019ulw_ZTF19acrdqej_processed.csv,-1.9007213665683689,3.1921509191179886
lc_2019uyn_ZTF19acssksf_processed.csv,-16.551753166970407,6.187169804901909
lc_2019vli_ZTF19acudlxq_processed.csv,-3.369636799867964,23.20045117285663
lc_2019vlt_ZTF19acudmfk_processed.csv,-10.546942278685572,1.1782927919715778
lc_2019vlu_ZTF19acudmhc_processed.csv,-5.212700371695806,2.9369591243384874
lc_2019vzx_ZTF19acukliy_processed.csv,-8.498217026712304,1.7857205857665222
lc_2019wjl_ZTF19acxmmys_processed.csv,-14.958902974958283,4.807502295696612
lc_2019wkz_ZTF19acxmmar_processed.csv,-3.427027550983252,0.6836914395204089
lc_2019wla_ZTF19acxmiyh_processed.csv,-3.717913920275037,3.417079024162028
lc_2019wle_ZTF19acxzafe_processed.csv,-4.51026958396127,3.0291728548356165
lc_2019wz_ZTF19aadmapf_processed.csv,-3.054957009920872,3.9871806644029686
lc_2019xaq_ZTF19acyjzbe_processed.csv,-4.042614874144958,8.985050547806738
lc_2019xar_ZTF19acygmjq_processed.csv,-13.142137884830056,1.58730337919356
lc_2019xcn_ZTF19aczqwrp_processed.csv,-7.85487581609202,2.250273574608696
lc_2019xul_ZTF19acystyr_processed.csv,-12.575217721744224,8.680728373839765
lc_2019yyw_ZTF19adbtqwy_processed.csv,-7.455877888414696,6.3459443590889295
lc_2019zag_ZTF19adcejnq_processed.csv,-5.313153303123832,1.5549559482848303
lc_2019zes_ZTF19adbtunc_processed.csv,-2.684257500436485,3.5197281525700848
lc_2020aafo_ZTF20acqzpze_processed.csv,-8.498316430886273,3.538415311850286
lc_2020aahq_ZTF20acqyfie_processed.csv,-5.516359867608373,1.26045261562292
lc_2020aajf_ZTF20acrerzb_processed.csv,-1.5573847501457647,4.883055554091025
lc_2020aalz_ZTF20acrvoxv_processed.csv,-5.171542867166025,10.71798253879435
lc_2020aan_ZTF20aaghpdc_processed.csv,-5.316611194924511,1.3881660386589565
lc_2020aao_ZTF20aagiiaz_processed.csv,-6.407605781980923,3.858228600373752
lc_2020aarw_ZTF20acrheie_processed.csv,-11.73819416191194,7.349869975989845
lc_2020aatb_ZTF20acrzwvx_processed.csv,-6.360463143297582,5.838491254067196
lc_2020aauh_ZTF20actfoxr_processed.csv,-2.934138878182949,3.5062929549485244
lc_2020aawh_ZTF20actezmo_processed.csv,-5.588542028623934,4.915013275324886
lc_2020aawi_ZTF20acrxuzp_processed.csv,-10.527124515886936,7.92249343838364
lc_2020aawj_ZTF20actmikz_processed.csv,-8.617302750191545,6.699345274239088
lc_2020abcd_ZTF20acttirv_processed.csv,-4.904780331318773,3.284203037887816
lc_2020abjl_ZTF20acumxrh_processed.csv,-12.52634780536227,1.1929920535890517
lc_2020abqy_ZTF20acuzfpk_processed.csv,-4.28636753779438,1.4598107694686484
lc_2020abq_ZTF20aafizfi_processed.csv,-7.057669568657123,2.685719805745692
lc_2020abrp_ZTF20acvdqtg_processed.csv,-4.725413166458593,1.263349852435825
lc_2020abuo_ZTF20acvidxk_processed.csv,-3.973475019816851,1.432976011648453
lc_2020abvc_ZTF20acvjzbc_processed.csv,-4.352543317881424,2.2340337433897326
lc_2020abwb_ZTF20acvehtq_processed.csv,-2.5149260638874136,2.210694497832644
lc_2020abxa_ZTF20actsxsl_processed.csv,,
lc_2020abxl_ZTF20acvcxkz_processed.csv,-10.111267001270445,4.859111599143611
lc_2020acaj_ZTF20acvhuxc_processed.csv,-4.599267990767976,2.230002455828014
lc_2020acbc_ZTF20acwilfu_processed.csv,-10.290306209139874,7.735811563060778
lc_2020acbf_ZTF20acuqyea_processed.csv,-12.403657615501894,3.555622829429705
lc_2020accy_ZTF20acvcxib_processed.csv,-18.18824128287652,2.4089936438670536
lc_2020accz_ZTF20acvjvly_processed.csv,-12.39803657442745,5.710179296572065
lc_2020acdk_ZTF20acwjhvd_processed.csv,-6.3696088725934485,7.001812884224069
lc_2020acgc_ZTF20acwuiuo_processed.csv,-9.498209133927514,2.16728025725468
lc_2020acgd_ZTF20acwjrmn_processed.csv,-3.86009921871208,1.328948057187047
lc_2020acge_ZTF20acvdlce_processed.csv,-4.545408837803325,1.527975740496938
lc_2020acmr_ZTF20acvdfmw_processed.csv,-11.96370542241158,4.540831819112025
lc_2020acnj_ZTF20acwlszk_processed.csv,-5.89860137217164,1.96778815142798
lc_2020acrz_ZTF20acwujgz_processed.csv,-10.484337654633082,2.726728987364632
lc_2020aczd_ZTF20acxdlcd_processed.csv,-4.574592929480668,2.987491538161926
lc_2020adbn_ZTF20acxpmnx_processed.csv,-13.93846462802356,6.1269142916627874
lc_2020adbx_ZTF20acxooam_processed.csv,1.438811320580683,1.880183290672442
lc_2020adff_ZTF20acwjrim_processed.csv,-9.918632631524387,8.356247145548972
lc_2020adgj_ZTF20acxpvhu_processed.csv,-3.113497441829898,1.469907733577143
lc_2020adiw_ZTF20acxwbrk_processed.csv,-3.22507637296775,1.870679665295124
lc_2020adle_ZTF20acxvvnf_processed.csv,-3.930577312477756,2.934626622043223
lc_2020adw_ZTF20aakxzut_processed.csv,-5.323249982307797,1.8744959617151653
lc_2020aek_ZTF20aafcnem_processed.csv,-3.4588151616621494,4.834617336582967
lc_2020ael_ZTF20aagnbec_processed.csv,-11.31810368965516,1.2996815156823516
lc_2020aen_ZTF20aagnbfu_processed.csv,-8.961597267142734,1.654702807015998
lc_2020aetp_ZTF20acxooqk_processed.csv,-11.262272757629752,3.720548701188042
lc_2020amv_ZTF20aahbamv_processed.csv,-1.5985231139214178,4.018392384323207
lc_2020amw_ZTF20aagkldb_processed.csv,-7.7231701913156785,5.3637335413846525
lc_2020amx_ZTF20aahdwze_processed.csv,-2.573095157331472,4.861887283736248
lc_2020aog_ZTF20aaheyvo_processed.csv,-7.698067620776175,1.4676414359248686
lc_2020aoi_ZTF20aahfobk_processed.csv,-0.8397841297424189,6.460386486256848
lc_2020apm_ZTF20aafwyfk_processed.csv,-7.39262637995048,4.883256522428768
lc_2020aqf_ZTF20aahgirj_processed.csv,-7.260939368119303,5.764700049691343
lc_2020ato_ZTF20aafwyvm_processed.csv,-11.418430337360489,4.862157660302263
lc_2020auo_ZTF20aahglfm_processed.csv,-12.826733203224272,7.042918111251924
lc_2020bck_ZTF20aaifxwq_processed.csv,-10.253200605792916,7.828274711031974
lc_2020bdx_ZTF20aahubwe_processed.csv,-0.4800360687874219,11.65448646864301
lc_2020bew_ZTF20aajvwfh_processed.csv,-2.6342639852625616,4.05383530973972
lc_2020bgq_ZTF20aahskds_processed.csv,-7.219516044168701,4.724300672078214
lc_2020biz_ZTF18aadzfso_processed.csv,-4.463212316278694,1.2609103502827967
lc_2020bja_ZTF20aairvsi_processed.csv,-4.990762073346918,0.5562581756819557
lc_2020bjj_ZTF20aaicyhi_processed.csv,-5.652626316444968,2.378893234470271
lc_2020bj_ZTF20aabqiti_processed.csv,-4.629665037677378,4.045362806248943
lc_2020bob_ZTF20aakwcfh_processed.csv,-5.031758316118175,2.781550129359431
lc_2020bol_ZTF20aakfofq_processed.csv,-6.400901611272104,1.0977626740466353
lc_2020bqr_ZTF20aalejtl_processed.csv,-3.468971130945438,0.7248488064540213
lc_2020buv_ZTF20aaljgcp_processed.csv,-3.651821950628413,1.0631597407676452
lc_2020bvy_ZTF20aalxtwm_processed.csv,-5.932102315715984,1.3736093535542595
lc_2020bw_ZTF20aabqxeg_processed.csv,-15.2092649746485,7.512945498073539
lc_2020bza_ZTF20aamfpcj_processed.csv,-2.902378644499558,1.7708109609083766
lc_2020bzd_ZTF20aamdyal_processed.csv,-3.726543454839851,1.7243858379362091
lc_2020bzv_ZTF20aambbfn_processed.csv,-6.70117775924996,2.6861649519611306
lc_2020cc_ZTF20aaayaet_processed.csv,-4.875590402647822,5.288450301826519
lc_2020cdi_ZTF20aamgdkb_processed.csv,-1.5134746034495807,1.0390224427741095
lc_2020cdj_ZTF20aammhli_processed.csv,-1.627942023103781,4.028512246975116
lc_2020chi_ZTF20aamnvij_processed.csv,-3.9554261129135937,2.337997947052997
lc_2020chm_ZTF20aamoaim_processed.csv,-1.2313455322145512,0.7889230377575394
lc_2020clr_ZTF20aamqmhj_processed.csv,-7.433523670445266,4.200587117602536
lc_2020cmb_ZTF20aaoyinl_processed.csv,-12.773074145219804,2.4664650410113342
lc_2020cms_ZTF18abeyyix_processed.csv,-6.685307818287047,1.9807581948376376
lc_2020cmv_ZTF20aankgwv_processed.csv,-4.408405335593565,2.5836605169220555
lc_2020cnr_ZTF20aanddmz_processed.csv,-4.970960653739454,6.293828901246543
lc_2020csx_ZTF20aaodkvl_processed.csv,-2.9785762266623723,2.781128058643725
lc_2020cxe_ZTF20aanaibf_processed.csv,-7.161480465674937,7.409653549191304
lc_2020dgc_ZTF20aaqpxtm_processed.csv,-7.335046457269588,6.138216387893753
lc_2020dkk_ZTF20aaqxnmt_processed.csv,-9.578192325415584,6.900510889661633
lc_2020drk_ZTF20aaozhyr_processed.csv,-10.573814082646187,5.310589845456427
lc_2020dts_ZTF20aaqtijt_processed.csv,-3.279868135508893,4.580657031893462
lc_2020dvf_ZTF20aascxxk_processed.csv,-13.670616055113614,6.889942504205856
lc_2020dwn_ZTF20aasbvzd_processed.csv,-7.566122680119822,5.343230117266347
lc_2020dxw_ZTF20aaqppwh_processed.csv,-12.138736657877256,5.758729850448595
lc_2020dya_ZTF20aasijew_processed.csv,-0.2570743225547474,1.205362502598321
lc_2020ebr_ZTF20aarjgox_processed.csv,-14.135781347767669,6.558174568593449
lc_2020eee_ZTF20aasokxu_processed.csv,-2.675389765946038,1.966840140228012
lc_2020eek_ZTF18aatxmrr_processed.csv,-11.612196246828775,7.315208320517451
lc_2020elp_ZTF20aassfpl_processed.csv,-1.7654632799484231,1.547455051928562
lc_2020euy_ZTF18aaisybp_processed.csv,-12.133695863733928,8.937813467499689
lc_2020eyb_ZTF20aatrvpl_processed.csv,-9.930761589180223,23.782838854928706
lc_2020eyf_ZTF20aatpxkq_processed.csv,-11.761515762054344,9.54484442959154
lc_2020fcw_ZTF20aattotq_processed.csv,-14.363452984895703,7.520517890627536
lc_2020fip_ZTF20aatqbmw_processed.csv,-10.546627941935464,11.574445696878248
lc_2020flo_ZTF20aatuzla_processed.csv,-11.654566170217828,8.714817421096058
lc_2020ftl_ZTF20aaumsrr_processed.csv,-0.4668656904159623,4.488114045727492
lc_2020fwi_ZTF20aaunzub_processed.csv,-5.759026078756158,5.080424581418471
lc_2020ghq_ZTF20aaurjcd_processed.csv,-0.9454096798097488,0.3234750376467606
lc_2020hao_ZTF20aauwgnw_processed.csv,-1.32984443897856,1.8214781013847747
lc_2020hcq_ZTF20aauupgb_processed.csv,-2.801168008519111,4.741073872205818
lc_2020hdh_ZTF20aauwhfa_processed.csv,-2.837116737379143,3.979801304283645
lc_2020hdw_ZTF18aaoxrup_processed.csv,-2.983954535736224,1.1170654059433
lc_2020hee_ZTF20aauriwm_processed.csv,-1.6956622365220384,3.7694487407010846
lc_2020hgw_ZTF20aaurjbj_processed.csv,-1.3454188965209049,0.6596977115123767
lc_2020hgz_ZTF20aauweyt_processed.csv,-6.364688551279084,35.44080889508238
lc_2020hhc_ZTF20aauwtym_processed.csv,-10.886026501441366,3.667948100202025
lc_2020hhh_ZTF20aauvmix_processed.csv,-2.9273136308739334,1.990662505704836
lc_2020hhi_ZTF20aauwisl_processed.csv,-5.5245303015843685,3.86197602650029
lc_2020hhm_ZTF20aauwxbl_processed.csv,,
lc_2020hhs_ZTF20aauwtdz_processed.csv,-4.228114080266496,3.3323834086973365
lc_2020hne_ZTF20aauvjeb_processed.csv,-6.7737570626644885,2.9114153218716767
lc_2020hph_ZTF20aauwuui_processed.csv,-3.189543115151796,3.472159924733864
lc_2020hp_ZTF19adbwsct_processed.csv,-7.776189478227964,3.180487893611371
lc_2020hsn_ZTF20aauwuun_processed.csv,,
lc_2020ht_ZTF20aaaxrad_processed.csv,-2.3112462481282168,4.719783817349242
lc_2020hu_ZTF20aaayrrj_processed.csv,-5.21578510262448,18.840749048412896
lc_2020hvq_ZTF20aavrzha_processed.csv,4.2023619805982575,2.9751810969723063
lc_2020hvr_ZTF20aavnots_processed.csv,-10.198545117253667,8.134636193449118
lc_2020hye_ZTF20aavnljl_processed.csv,-8.74160867702411,5.184919507124237
lc_2020hyh_ZTF20aavnnat_processed.csv,-5.545365118990498,5.202901181161845
lc_2020hzz_ZTF20aavthea_processed.csv,-5.580410464402144,3.5322129134846545
lc_2020iac_ZTF20aavsioo_processed.csv,-1.5406623945080204,0.9144071082730816
lc_2020il_ZTF19adcdgms_processed.csv,,
lc_2020is_ZTF20aacauwc_processed.csv,-1.2777790462623586,1.7207135182120687
lc_2020jgd_ZTF20aaybvye_processed.csv,-1.0263343629843624,0.3912365309131612
lc_2020jio_ZTF20aayvycp_processed.csv,-2.200583628205776,0.7695036040244477
lc_2020jjf_ZTF20aayvymx_processed.csv,-2.595364620998664,0.7720780732409375
lc_2020jjh_ZTF20aayxldg_processed.csv,-1.5233563688895435,0.7677344321252889
lc_2020jjk_ZTF20aayxkqy_processed.csv,-7.585575068553091,7.784890268164162
lc_2020jmd_ZTF20aazcggo_processed.csv,-6.00713605896066,1.6833082015195706
lc_2020jsn_ZTF20aaznlnj_processed.csv,-4.779727281130061,1.5039827014610334
lc_2020jtg_ZTF20aaznpor_processed.csv,-7.583739213520553,1.0346616767606245
lc_2020jua_ZTF20aaznpdy_processed.csv,-9.846303451316944,3.935310422044232
lc_2020jxq_ZTF20aazoqmh_processed.csv,2.026129772400983,2.154416975580389
lc_2020kav_ZTF20aazhrpp_processed.csv,-1.810409640368928,1.3828406815158678
lc_2020kbl_ZTF20aazpwen_processed.csv,-2.4604348381605345,5.84581106250897
lc_2020kbp_ZTF19abwmoei_processed.csv,-8.826104967155707,1.3972814667839246
lc_2020kbq_ZTF20aazooyu_processed.csv,-6.043747135117603,1.2729439742653068
lc_2020kbs_ZTF18aamjqeh_processed.csv,-7.371342998926496,8.255891450572026
lc_2020kbu_ZTF20aazoitd_processed.csv,-11.566737664830168,5.964245526670062
lc_2020kcw_ZTF20aazoptu_processed.csv,-7.942848796119286,1.264970240392158
lc_2020kn_ZTF20aaaxrjb_processed.csv,-5.958490955030935,3.3120213576879274
lc_2020kq_ZTF20aabqisb_processed.csv,-5.34058959493396,3.97669329592092
lc_2020kss_ZTF20aaztndl_processed.csv,-4.373801795133453,1.4708363837120642
lc_2020ks_ZTF20aaczkyw_processed.csv,-1.6181953875869737,1.6788447328895786
lc_2020kte_ZTF20abavxpk_processed.csv,-2.836139373724734,1.5685677060611367
lc_2020kt_ZTF20aadcdzj_processed.csv,-2.0148167432146,2.0481937616685224
lc_2020kzp_ZTF20abawtpy_processed.csv,-2.148885786340478,1.6548614748278692
lc_2020kzr_ZTF20abbckbb_processed.csv,-9.827622367797693,6.145070796814736
lc_2020kzs_ZTF20abbpkng_processed.csv,-14.95319795727361,3.194501921212604
lc_2020lao_ZTF20abbplei_processed.csv,-0.4298538184615516,0.1675371222643376
lc_2020lit_ZTF19abkrbjt_processed.csv,-4.2396091002647225,0.5631033489497395
lc_2020lls_ZTF20abdnpdo_processed.csv,-4.657793655620937,1.557516349221867
lc_2020maq_ZTF20abedwwf_processed.csv,-6.535192519004201,6.804956694781221
lc_2020maw_ZTF20abedygm_processed.csv,-10.523534696940978,1.0675545118496856
lc_2020mes_ZTF20abefzfc_processed.csv,-5.031347138449863,1.353969594386798
lc_2020mfe_ZTF20abeksoa_processed.csv,-1.7077004262050606,1.7633993228868032
lc_2020mfh_ZTF20abelnha_processed.csv,-3.362164318229162,1.024903693888279
lc_2020mfz_ZTF18aavwzws_processed.csv,,
lc_2020mga_ZTF20abeljuj_processed.csv,-2.8039994639116106,4.044028263770881
lc_2020mgb_ZTF20abellto_processed.csv,-4.111666215899317,0.809247519194358
lc_2020mrl_ZTF20abekwvf_processed.csv,-5.48539221049112,6.671772140276109
lc_2020M_ZTF20aaawfzb_processed.csv,-8.207663735496084,4.59757185923672
lc_2020nlc_ZTF20abfcesa_processed.csv,,
lc_2020nle_ZTF20abgslxz_processed.csv,-9.455558420113524,5.42999741304684
lc_2020npk_ZTF20abhmnom_processed.csv,-9.850054460017487,0.5048989954613462
lc_2020npt_ZTF20abipuee_processed.csv,-4.4444077362937024,2.136250227701395
lc_2020nwd_ZTF20abjhyoq_processed.csv,-8.931707127757997,1.342640235283852
lc_2020nxg_ZTF20abjbede_processed.csv,-6.920499544491881,1.3434579350993991
lc_2020nxh_ZTF20abjbiqf_processed.csv,-1.8099200317198711,1.2493198363900953
lc_2020nxm_ZTF20abfcfhi_processed.csv,-8.928026092738685,2.4863976207640364
lc_2020ocj_ZTF20abjddfe_processed.csv,-4.56666812451509,0.92295173880917
lc_2020ocu_ZTF20abjwulx_processed.csv,-10.092156832711012,1.026559878644083
lc_2020ocv_ZTF20abjwuuv_processed.csv,-7.11254711527133,1.1254576828027003
lc_2020ocw_ZTF20abjwuju_processed.csv,-1.8760056313604927,1.7084294119794472
lc_2020odh_ZTF20abjgzjd_processed.csv,-5.437504218659799,1.2466796345624225
lc_2020odj_ZTF20abjkvyt_processed.csv,-8.954913722048545,0.5035918312549151
lc_2020ogf_ZTF20abitavk_processed.csv,-10.43124953377267,0.8838861907534579
lc_2020oii_ZTF20abkhjbu_processed.csv,,
lc_2020omp_ZTF20abklesv_processed.csv,-7.398457264010483,1.7457237462566473
lc_2020oyf_ZTF20abjnwuw_processed.csv,-12.531403780131567,0.3970285478414301
lc_2020ppb_ZTF20ablhdvr_processed.csv,-7.666660763148736,0.6628431471898358
lc_2020pqy_ZTF20abkmfvq_processed.csv,-7.8352299003164765,1.7053464398196705
lc_2020tap_ZTF20abzhwtq_processed.csv,-2.491945317075467,3.936511241331276
lc_2020tas_ZTF20abyxewf_processed.csv,-6.693751500370734,10.557184402417745
lc_2020tjo_ZTF20acaczen_processed.csv,0.3856775840107611,0.886963063428792
lc_2020tn_ZTF20aaevbvv_processed.csv,1.5872051424150555,3.2044407796546786
lc_2020to_ZTF20aadvunl_processed.csv,-5.454957860980112,2.5819025616186675
lc_2020tud_ZTF20acaisct_processed.csv,-4.559272754128578,6.248688689702331
lc_2020tzb_ZTF20accsfkt_processed.csv,-3.0975257999218657,6.949065991504875
lc_2020tzf_ZTF20accsesc_processed.csv,-4.541892956224104,2.36478700983907
lc_2020uaw_ZTF20acdfrje_processed.csv,-4.042227825463155,5.593464213303841
lc_2020ucv_ZTF20acdpklw_processed.csv,-1.1907095160687735,0.7513325750586421
lc_2020ut_ZTF20aaeuxqk_processed.csv,-1.3555593000519084,1.3246859820965682
lc_2020uvg_ZTF20acgnbvv_processed.csv,-4.107395419862742,2.5385958081548394
lc_2020uwl_ZTF20acgnenc_processed.csv,-5.409380071248386,2.6559405694413503
lc_2020uzh_ZTF20achbkud_processed.csv,-3.4643452284254,1.7799586856497285
lc_2020vbs_ZTF20achaxvo_processed.csv,-2.509076013794107,1.4790104512965363
lc_2020vcd_ZTF20acgprxo_processed.csv,-3.87563888928314,7.212371802520487
lc_2020vcl_ZTF20achtisx_processed.csv,-5.335943301867062,1.9301634402785144
lc_2020veh_ZTF20achtyfh_processed.csv,-11.605823181814124,8.183761942906502
lc_2020vem_ZTF20achtubm_processed.csv,-2.010826470823041,3.573834990025401
lc_2020ven_ZTF20achrhvp_processed.csv,-2.473852681827076,3.355895264739821
lc_2020vfa_ZTF20achsfcq_processed.csv,-4.2918491123330345,3.906127759516625
lc_2020vfh_ZTF20achktbf_processed.csv,-7.607348454435282,2.3523786853269817
lc_2020vvy_ZTF20achlkrs_processed.csv,-3.7935649143454016,1.6668686253196403
lc_2020wap_ZTF20achtpbn_processed.csv,-3.049044316967494,3.482473124201317
lc_2020wpc_ZTF20acjcqlb_processed.csv,-4.49803839248488,5.695938591580917
lc_2020wpq_ZTF20acjbzrh_processed.csv,-10.16485496901324,3.8389241037783695
lc_2020wuw_ZTF20acijssu_processed.csv,-8.81656677126246,1.8347290465371449
lc_2020xcs_ZTF20ackapps_processed.csv,-8.248981901343523,6.9668748522171455
lc_2020xhy_ZTF20ackpbls_processed.csv,-2.8703839621470286,0.4211255629979681
lc_2020xis_ZTF20ackasol_processed.csv,-5.743649276049552,3.838544126688197
lc_2020xit_ZTF20ackobeu_processed.csv,-11.409759579831809,9.73430280011843
lc_2020xix_ZTF20ackpbgc_processed.csv,-8.347024798806645,2.849270168638808
lc_2020xiz_ZTF20ackmwth_processed.csv,-4.378262566205549,1.4754114866360173
lc_2020xme_ZTF20ackzfdi_processed.csv,-5.194372562722334,3.0261446907759653
lc_2020xpk_ZTF20aclkuqh_processed.csv,-0.3005426933944602,3.9191215168937945
lc_2020xql_ZTF20aclkhnm_processed.csv,-1.659934328363034,4.487152174709512
lc_2020xvg_ZTF20aclybob_processed.csv,-3.249580461462328,2.850634355248156
lc_2020yac_ZTF20acmjzum_processed.csv,-3.698424294372448,2.423100082065812
lc_2020yef_ZTF20aclkyhj_processed.csv,-5.571610846116084,5.045049798578408
lc_2020yhg_ZTF20acmntog_processed.csv,-8.30263755623508,5.33296381189714
lc_2020ymv_ZTF20acobvxk_processed.csv,-3.0414568845460765,5.104205122444196
lc_2020ypm_ZTF20ackpjmb_processed.csv,-6.684343054914587,1.0452784302254257
lc_2020yst_ZTF20acobxlz_processed.csv,-4.539431801352857,4.691170648026076
lc_2020yux_ZTF20acowiom_processed.csv,-5.1968715271963575,9.396084428618623
lc_2020yve_ZTF20acovuwj_processed.csv,-7.594212907733754,3.940846740453362
lc_2020yvf_ZTF20acovvfy_processed.csv,-3.258944165268076,2.0752696729800544
lc_2020yvr_ZTF20acorqqy_processed.csv,-9.714706381900571,3.297665637453716
lc_2020yxl_ZTF20acoojba_processed.csv,-3.788046107179746,7.514355916064215
lc_2020yzw_ZTF20acowpur_processed.csv,-6.6331725421685945,1.4368399024692209
lc_2020zbr_ZTF20acplpur_processed.csv,-9.137955442038532,14.28063887521319
lc_2020zgf_ZTF20acpllqk_processed.csv,-9.36553798663081,2.7383166898928906
lc_2020zgr_ZTF20acplqcf_processed.csv,-5.78814971692312,3.3182721173380063
lc_2020zhg_ZTF20acptbil_processed.csv,-7.313027229190407,3.89346075922736
lc_2020zie_ZTF20acpmgpp_processed.csv,-4.3520569532081534,2.042816151845881
lc_2020zin_ZTF20acpsjeq_processed.csv,-4.623397695954004,6.703585550763658
lc_2020zje_ZTF20acpmhno_processed.csv,-4.356854301962417,2.652012801217744
lc_2020zjg_ZTF20acpniss_processed.csv,-11.4584423381665,4.543499474510019
lc_2020zjh_ZTF20acpsjjb_processed.csv,-6.540069689602322,10.329425712078558
lc_2020zji_ZTF20acptayg_processed.csv,-8.519737414501265,5.92909219934668
lc_2020zo_ZTF18acqgvrt_processed.csv,-2.2336143471683982,1.592759543168055
lc_2020zpi_ZTF20acqksdi_processed.csv,-1.159379897680085,4.776045346909191
lc_2020zpl_ZTF20acpmuns_processed.csv,-11.797476587650708,4.989803475449488
lc_2020zsh_ZTF20acqrdix_processed.csv,-7.109939003842349,5.332715596028891
lc_2020zsi_ZTF20acqcptp_processed.csv,1.0548385109239984,1.2297419804628569
lc_2020zsz_ZTF20acptcic_processed.csv,-0.3715955748006863,2.421821158597004
lc_2020zti_ZTF20acqtaiq_processed.csv,-5.412098884507266,2.567761549091327
lc_2020zxn_ZTF20acqrahz_processed.csv,-2.7973675703319123,2.3728486286581734
lc_2020zxu_ZTF20acpsepv_processed.csv,-8.203032076526963,3.412708080296644
lc_2020zyr_ZTF20acqqzyl_processed.csv,-7.643160887258355,2.356888635082301
lc_2021aaa_ZTF21aadgibp_processed.csv,,
lc_2021aabi_ZTF21acerczf_processed.csv,-9.359041447784842,7.594763660797455
lc_2021aabj_ZTF21acerayz_processed.csv,-6.778027482911653,2.759167108208908
lc_2021aaeb_ZTF21aceyetm_processed.csv,-5.551933628976847,2.5906646001995064
lc_2021aaec_ZTF21acexqmr_processed.csv,-7.1029108440718085,3.0171313548960006
lc_2021aaey_ZTF21acepkuq_processed.csv,-4.884144044749149,5.547614405208291
lc_2021aafb_ZTF21acelhud_processed.csv,-9.897339937999469,9.122640123964327
lc_2021aafd_ZTF21acekwrh_processed.csv,-10.691422309800274,8.052092581957927
lc_2021aaff_ZTF21acecvbr_processed.csv,-6.858100754227001,12.52171711998651
lc_2021aafj_ZTF21acdutjq_processed.csv,-2.7002582154905297,7.758555760201305
lc_2021aanc_ZTF21acfgjiw_processed.csv,-12.677153140392049,14.909401108394484
lc_2021aaol_ZTF21acgycjl_processed.csv,0.3748329662777605,4.922152038586899
lc_2021aaon_ZTF21acgrhma_processed.csv,-2.943661587175932,4.260325985542727
lc_2021aasm_ZTF21acgpntn_processed.csv,-2.9815528296807834,1.7747402893186497
lc_2021aawg_ZTF21acezemj_processed.csv,-0.1971323132647685,0.3205796863805952
lc_2021aawm_ZTF21acftgwg_processed.csv,-4.636455397011291,8.19283625528488
lc_2021abbl_ZTF21achcwnd_processed.csv,0.9085503313629668,2.4883014951410347
lc_2021abbs_ZTF21achflrl_processed.csv,-4.785267543414173,2.9252294947493147
lc_2021abbt_ZTF21achfkrw_processed.csv,-3.577450215628391,2.2169027717452363
lc_2021abbu_ZTF21achfgmf_processed.csv,-7.773405608952545,1.96711060851575
lc_2021abbw_ZTF21achfcrm_processed.csv,-5.886568615571296,1.9288690757029048
lc_2021abcf_ZTF21achcyhe_processed.csv,-2.726422632343615,2.9730874010972728
lc_2021abjg_ZTF21achcxzy_processed.csv,-2.9776747146186167,6.695604525465985
lc_2021abms_ZTF21acgyeou_processed.csv,-4.242688555330946,4.583879962778282
lc_2021aboy_ZTF21achiyue_processed.csv,-4.12178884615046,15.2997326181966
lc_2021abpk_ZTF21achysra_processed.csv,-15.68890298163012,20.7441899772191
lc_2021abpu_ZTF21achxhts_processed.csv,-2.414051287323025,1.113768261125051
lc_2021abro_ZTF21acgtecg_processed.csv,-4.11042482306945,2.7872641046208595
lc_2021abyl_ZTF21acioxcf_processed.csv,-10.01902693156629,4.75841684703322
lc_2021abzi_ZTF21acipmgw_processed.csv,-5.127280654986545,3.0054212112757304
lc_2021acfh_ZTF21acidmge_processed.csv,-3.068304967797738,4.872903709562263
lc_2021acpb_ZTF21acjnuwt_processed.csv,-17.226061472220195,7.216887686524141
lc_2021acpd_ZTF21acjnojg_processed.csv,-8.211316485873741,6.1500776241227
lc_2021acqh_ZTF21acjghzs_processed.csv,-8.047926892426489,3.6432035745144913
lc_2021acqi_ZTF21acjghse_processed.csv,-11.193022660360825,3.4955347664419163
lc_2021actc_ZTF21acizuuf_processed.csv,-4.82181422994262,10.501470575442807
lc_2021acvk_ZTF21acjxsrf_processed.csv,-3.4266093865048326,7.151246857791473
lc_2021aczu_ZTF21acjoldh_processed.csv,-3.783397578854695,2.524699949619852
lc_2021adad_ZTF21acjtxgr_processed.csv,-1.6049154029889612,1.1490377444079083
lc_2021adfs_ZTF21acjojik_processed.csv,-4.848975394932194,4.895213429974208
lc_2021adgt_ZTF21acjzvbl_processed.csv,-3.936076981562103,7.346702765199224
lc_2021adgx_ZTF21acjzlbg_processed.csv,-14.54047909531906,6.70262265290546
lc_2021adka_ZTF21acjvnno_processed.csv,-12.88946661001677,6.424915064600112
lc_2021adys_ZTF21acnuzrg_processed.csv,-7.660929154361138,8.078666087393572
lc_2021adyz_ZTF21acnwars_processed.csv,-31.05235730533484,185.09783542694728
lc_2021aee_ZTF21aacnrcl_processed.csv,-6.2434161531669625,1.88885943323308
lc_2021aehf_ZTF21acnvabi_processed.csv,-7.550234724791397,6.23005441455393
lc_2021aeno_ZTF21acmnuir_processed.csv,,
lc_2021aenr_ZTF21acmqrpj_processed.csv,-9.68466693636796,8.457266769513799
lc_2021aerh_ZTF21acpblwz_processed.csv,-7.089593507104297,17.69995985271533
lc_2021aesb_ZTF21acpnfgd_processed.csv,-4.39017891785939,6.812718501622537
lc_2021aesq_ZTF21acpmcgo_processed.csv,-2.471165165389368,6.08697765738914
lc_2021aeux_ZTF21acouotm_processed.csv,-12.17128266395948,5.789133555400875
lc_2021ae_ZTF21aaaewsb_processed.csv,-3.429338636945244,1.5403634172789702
lc_2021afcd_ZTF21acduxrk_processed.csv,-6.745912051272133,6.92199621593351
lc_2021afvj_ZTF21acrbwwj_processed.csv,,
lc_2021afvp_ZTF21acqzqhq_processed.csv,-10.879516664111764,9.627086552237213
lc_2021agau_ZTF21acqzlhb_processed.csv,-20.21105617141625,9.707371647211774
lc_2021agfq_ZTF22aaajlae_processed.csv,-4.478767606138778,3.4021158921443706
lc_2021aggu_ZTF22aaacaix_processed.csv,-4.688186756392334,1.9772008251492288
lc_2021agrt_ZTF22aaanldo_processed.csv,-7.564113557045446,0.8106926654921263
lc_2021agz_ZTF21aaeeqip_processed.csv,-6.1401901044582905,2.070689429447054
lc_2021aha_ZTF21aaeczii_processed.csv,-6.039274032517231,1.7669945377472946
lc_2021aif_ZTF21aaeczqr_processed.csv,-11.02710911711963,2.82561787803222
lc_2021aj_ZTF21aaaevxq_processed.csv,-18.33660501983776,102.24076476068262
lc_2021ame_ZTF21aaevrmu_processed.csv,-9.89931212523362,3.493015977101821
lc_2021amn_ZTF21aaeedxy_processed.csv,-6.4124951072922185,5.291432287984521
lc_2021aph_ZTF21aadtnyl_processed.csv,-9.32306636925381,4.799454673100369
lc_2021asu_ZTF21aaezixn_processed.csv,-7.146618788043249,6.024677351021176
lc_2021atq_ZTF21aafpqcq_processed.csv,-9.04075172785377,2.3636728637956
lc_2021aub_ZTF21aafkgvj_processed.csv,-8.004029679548879,6.440008261803634
lc_2021aud_ZTF21aaezfqt_processed.csv,-11.156488053646576,8.556943711067316
lc_2021bmc_ZTF21aaglrzc_processed.csv,-7.448170520471921,0.7846406295728523
lc_2021bnd_ZTF21aagocky_processed.csv,-8.352964604006063,4.708170274980001
lc_2021bnf_ZTF21aagnvvk_processed.csv,-2.196155477265805,1.3331756973563853
lc_2021bpd_ZTF21aagogqj_processed.csv,-11.443946269837062,13.731428616336368
lc_2021bpm_ZTF21aagocxm_processed.csv,-15.828036350900222,5.716887846998008
lc_2021bpn_ZTF21aagocor_processed.csv,-2.996542418314309,2.468873369596688
lc_2021bpo_ZTF21aagmzio_processed.csv,-6.484846034502184,3.551507653492349
lc_2021bsp_ZTF21aagofpx_processed.csv,-12.5960400802667,2.172241035214136
lc_2021bxo_ZTF21aagnqnz_processed.csv,-1.7012759449442152,1.744409792666731
lc_2021bzm_ZTF21aagofnn_processed.csv,-3.774210831813136,2.798163524096241
lc_2021caf_ZTF21aahargb_processed.csv,-5.116612851538865,2.70958330578059
lc_2021cda_ZTF21aahlmwr_processed.csv,-6.8120136883149165,13.82839159042082
lc_2021cdd_ZTF21aahxoxi_processed.csv,-3.433066048702376,3.324065137086907
lc_2021cfp_ZTF21aaimlve_processed.csv,-4.8372281962935615,4.56215072853321
lc_2021ckj_ZTF21aajbgol_processed.csv,,
lc_2021ckk_ZTF21aajevjg_processed.csv,-3.9370182965610274,1.2408887105093849
lc_2021crg_ZTF21aaizarc_processed.csv,-1.1034165913992078,1.081108392123363
lc_2021csy_ZTF21aahlbxc_processed.csv,-5.313589620586447,2.71692463241853
lc_2021czw_ZTF21aaktwmt_processed.csv,,
lc_2021dbh_ZTF21aahyegx_processed.csv,-4.442708724599041,5.4133254046928245
lc_2021dcv_ZTF21aakplky_processed.csv,-5.511188143112689,6.762674970820264
lc_2021dic_ZTF21aalgqsv_processed.csv,-1.7844879792673332,4.763626359923606
lc_2021dqa_ZTF21aamjgfp_processed.csv,-3.763874274913828,3.3611371861970016
lc_2021dqn_ZTF21aaltwgl_processed.csv,-3.313798332739526,3.67628383024992
lc_2021drv_ZTF21aamtcbk_processed.csv,-9.183538281896674,6.865026547685188
lc_2021dsb_ZTF21aamucom_processed.csv,-2.891274057853489,0.714328344828982
lc_2021dv_ZTF21aaanhws_processed.csv,-16.496684867899095,8.949811159182897
lc_2021egg_ZTF21aanyyde_processed.csv,-7.454077077463944,1.0387096853980409
lc_2021epr_ZTF21aaodgho_processed.csv,-11.65196447005476,3.842631708118773
lc_2021epu_ZTF21aaoekdf_processed.csv,-6.886019019397867,2.7642772834493
lc_2021epv_ZTF21aaoekcj_processed.csv,-9.935409171711004,5.948879809085652
lc_2021exv_ZTF21aaokuir_processed.csv,-10.878690647416114,3.34676589958284
lc_2021eyh_ZTF21aaokvsq_processed.csv,,
lc_2021fg_ZTF21aaateuz_processed.csv,-3.737207481566815,1.4457918098258604
lc_2021fmw_ZTF21aapscpi_processed.csv,-9.746015042099526,6.808062941546585
lc_2021ftu_ZTF21aaphzsw_processed.csv,-4.546152190396043,19.09138185073777
lc_2021fxv_ZTF21aapfewo_processed.csv,-9.73532989212706,8.01403219148205
lc_2021gfy_ZTF21aapouby_processed.csv,-3.109408024120778,6.355000926175088
lc_2021gsn_ZTF21aaltxht_processed.csv,-3.447041328011528,1.85369305123138
lc_2021hi_ZTF21aabeeas_processed.csv,-4.110625288706072,3.572187319342168
lc_2021hoq_ZTF21aarhmed_processed.csv,-10.411834696508503,7.98479096255131
lc_2021hsg_ZTF21aareexg_processed.csv,-5.967579279134003,3.393507220045493
lc_2021htd_ZTF21aaqkkfh_processed.csv,-1.9495763847900025,4.44074435024854
lc_2021hup_ZTF21aarhnwn_processed.csv,-0.766175757084964,13.910526715667592
lc_2021hvp_ZTF21aasbntf_processed.csv,,
lc_2021hzd_ZTF21aartehc_processed.csv,-4.3649576704605,6.167805049629956
lc_2021isl_ZTF21aatqqxl_processed.csv,-6.964807501761803,10.51291765263784
lc_2021isy_ZTF21aaryqfs_processed.csv,-19.89934952415684,62.60614845173967
lc_2021jtw_ZTF21aatyxox_processed.csv,-5.565057649092549,5.656189239805688
lc_2021jui_ZTF21aavpgvx_processed.csv,-9.44973739859824,7.289738391732293
lc_2021li_ZTF21aabjijh_processed.csv,-13.545839090250848,1.962607429713975
lc_2021loa_ZTF21aazpzqo_processed.csv,-5.537861379307997,4.10305267633325
lc_2021lob_ZTF21aazpyza_processed.csv,-6.257376140286855,4.366213569973162
lc_2021lu_ZTF21aabcyaf_processed.csv,-3.381487074287518,1.2170481123075352
lc_2021ly_ZTF21aaasaqo_processed.csv,-6.18812487373953,1.84634026735542
lc_2021rax_ZTF21abidtrd_processed.csv,-7.681430892195213,3.7326760396030143
lc_2021rbo_ZTF21abidqoe_processed.csv,-7.122406424651739,2.830626096027661
lc_2021rde_ZTF21abhtlrj_processed.csv,-8.599376257454926,2.3266485741096954
lc_2021rgk_ZTF21abilydc_processed.csv,-3.156268157486329,0.7052829469136649
lc_2021rgl_ZTF21abilxfm_processed.csv,-7.414533543006331,5.361146814984983
lc_2021rgm_ZTF21abilrxd_processed.csv,-0.7137615659979574,4.879526068385652
lc_2021rhh_ZTF21abieobg_processed.csv,-1.1197500579386437,4.775817467982235
lc_2021ril_ZTF21abitizy_processed.csv,-5.149467152081368,2.4961526309115287
lc_2021rin_ZTF21abiswwm_processed.csv,-8.374455380580931,4.357311152488934
lc_2021riq_ZTF21abisrcs_processed.csv,-10.082558942252229,2.440946133205337
lc_2021rki_ZTF21abilyfo_processed.csv,-12.30229121661298,1.370156148901274
lc_2021rle_ZTF21abixmwl_processed.csv,-6.386660890693211,3.167081301398943
lc_2021rlp_ZTF21abisrnt_processed.csv,-8.370609934619326,2.326211995223254
lc_2021rmj_ZTF21abhqxma_processed.csv,,
lc_2021rmu_ZTF21abidxcy_processed.csv,-4.004223188786173,1.14301205010856
lc_2021rm_ZTF21aacdntt_processed.csv,-3.683417732603039,1.5481553500230936
lc_2021rv_ZTF21aabjtyd_processed.csv,-5.493100690781168,2.698784201993726
lc_2021sbn_ZTF21abjefys_processed.csv,-3.467337479758771,1.2072725893484684
lc_2021scb_ZTF21abibhpm_processed.csv,-12.400848776778354,6.6769519930184735
lc_2021scv_ZTF21abisrdi_processed.csv,-4.454965728302134,2.191756148182896
lc_2021scw_ZTF21abipprr_processed.csv,-3.287902349257964,1.5394280598813808
lc_2021sdn_ZTF21abjslnr_processed.csv,-2.810532099680452,3.7918992772304
lc_2021sea_ZTF21abjriop_processed.csv,-8.961254528588759,2.96845973676429
lc_2021sec_ZTF21abjrcev_processed.csv,-6.981446044750466,2.884155221805948
lc_2021ser_ZTF21abjekzr_processed.csv,-6.960902821389858,1.947563611676372
lc_2021ses_ZTF21abjdqbo_processed.csv,-3.839314004837706,0.6183659017638443
lc_2021sfh_ZTF21abjeyoh_processed.csv,-6.200444686720302,6.786142115937784
lc_2021sgr_ZTF18aaxcupv_processed.csv,,
lc_2021shg_ZTF21abimczs_processed.csv,-6.88513016159264,2.334081422440024
lc_2021shh_ZTF21abjdrow_processed.csv,1.614958223270481,2.3765350996764383
lc_2021shr_ZTF21abituxx_processed.csv,-19.24508866637728,3.62185195361226
lc_2021sij_ZTF21abjuxkr_processed.csv,-9.380772163752516,4.981813418104023
lc_2021sim_ZTF21abjumfz_processed.csv,-14.376447127812614,3.2646741413452194
lc_2021sip_ZTF21abjtrzq_processed.csv,-6.262674185583834,5.076234490086398
lc_2021sir_ZTF21abjtrww_processed.csv,-3.5617115349185804,3.5825899921688427
lc_2021sis_ZTF21abjtqyq_processed.csv,-1.7888550640348948,0.5054341805013589
lc_2021six_ZTF21abjfnpp_processed.csv,-3.3302821941135727,2.116505444400546
lc_2021sjb_ZTF21abisxnt_processed.csv,-8.023969814476072,3.0270103329263933
lc_2021sla_ZTF21abjxztu_processed.csv,-5.3639759875812,3.6305799727259775
lc_2021slm_ZTF21abjvfoi_processed.csv,-6.205354298592155,4.97307157677234
lc_2021soe_ZTF21abkdpnw_processed.csv,-0.4454343750947253,1.8140569529942816
lc_2021spd_ZTF21abjeddx_processed.csv,-5.319942237544804,1.013234017919972
lc_2021spz_ZTF21abjvfbc_processed.csv,-6.204307644478991,2.9142832104922145
lc_2021sug_ZTF21abjvfgu_processed.csv,-2.186965282948765,3.488623347820176
lc_2021swp_ZTF21abkowcq_processed.csv,-3.69664463898482,2.448291608394056
lc_2021swr_ZTF21abkoqic_processed.csv,-1.6231588805970247,2.10235279135497
lc_2021sws_ZTF21abkohpk_processed.csv,-6.198125906841655,2.306735135962344
lc_2021swz_ZTF21abkkmps_processed.csv,-2.821370975859585,1.403296952364632
lc_2021sxf_ZTF18abfeyey_processed.csv,-2.436934990911797,2.924019209443842
lc_2021tch_ZTF21abkupfz_processed.csv,-7.80702248808146,2.452410345037311
lc_2021tck_ZTF21abkrwxm_processed.csv,-5.454764523792558,1.9737985377602392
lc_2021tcp_ZTF21abkdtdx_processed.csv,-3.2243486353173267,3.38557996442724
lc_2021tfa_ZTF21abkoyrl_processed.csv,-7.014533200197069,1.8903627915474088
lc_2021tne_ZTF21abmgtat_processed.csv,-7.478532326224236,1.558851681850799
lc_2021tnf_ZTF21abmgozs_processed.csv,-4.612223145706186,2.367248872501308
lc_2021tpm_ZTF21abmojfy_processed.csv,-6.810355969687827,1.84675165886442
lc_2021ttf_ZTF21abmwgvr_processed.csv,-4.501949490115903,1.0742222478756056
lc_2021ttk_ZTF21abmwask_processed.csv,-5.17003763112476,2.222070331061936
lc_2021ttl_ZTF21abmvyzc_processed.csv,-12.530172425924883,1.9523500210787323
lc_2021tvi_ZTF21abnegco_processed.csv,-6.782684405053373,6.0690888395680425
lc_2021txj_ZTF21abmgkza_processed.csv,-7.702097750573905,1.4903427083104734
lc_2021ucn_ZTF21abpkcfc_processed.csv,-11.019500232259292,1.0904855444058923
lc_2021ucq_ZTF21abouexm_processed.csv,0.4134081146371479,4.525957323373985
lc_2021udo_ZTF21abousji_processed.csv,-11.75355303879583,7.379465919977398
lc_2021udq_ZTF21abnwmdt_processed.csv,-4.035343138405533,2.296386083463117
lc_2021udt_ZTF21abotuqo_processed.csv,-0.0252442046182352,4.808020939413114
lc_2021udu_ZTF21abppeza_processed.csv,-0.2091735661891544,1.3632202303508012
lc_2021uef_ZTF21abourqt_processed.csv,-5.85440863403393,2.046984235860973
lc_2021ufo_ZTF21abowuqh_processed.csv,-9.51478950442024,1.6310741331621004
lc_2021ufr_ZTF21abowuju_processed.csv,-11.232199932328657,1.323016279330451
lc_2021uhp_ZTF21abpkbmo_processed.csv,-3.079721815205552,2.412335429537006
lc_2021uhv_ZTF21abpjeds_processed.csv,-8.437862616401178,3.34283474615861
lc_2021uhz_ZTF21abousyu_processed.csv,-7.672349642943373,5.541070031401213
lc_2021uid_ZTF21abnegqh_processed.csv,-5.426367763819895,1.3012252828657862
lc_2021uiv_ZTF21abpphns_processed.csv,,
lc_2021uiw_ZTF21abppeys_processed.csv,-2.666381822025181,0.9838797341995488
lc_2021uja_ZTF21abpoufi_processed.csv,,
lc_2021umt_ZTF21abqfxqp_processed.csv,-5.198066073086254,3.2605289571184457
lc_2021umu_ZTF21abqfusn_processed.csv,-2.8534485417069124,2.0674436636338904
lc_2021uni_ZTF21abqetmr_processed.csv,-10.348453701693895,6.675857121597879
lc_2021uqr_ZTF21abqlmne_processed.csv,-4.109132124440624,5.538519078941224
lc_2021uqs_ZTF21abqllyn_processed.csv,-4.087086521262731,2.62477353075521
lc_2021urs_ZTF21abqfxnf_processed.csv,-12.671557137566795,5.162566123775881
lc_2021utr_ZTF21abqsvdl_processed.csv,-4.149928849490292,4.489129697235511
lc_2021uvq_ZTF21abppfoe_processed.csv,-2.02898460412104,5.538837083487218
lc_2021uvs_ZTF21abouldm_processed.csv,-7.817218034573671,3.5588792135968284
lc_2021uzb_ZTF21abpumsz_processed.csv,-6.428520877493212,2.024526891131939
lc_2021vgh_ZTF21abrhtpk_processed.csv,-0.8771195756018431,0.8198931889891188
lc_2021vhz_ZTF21abrhihu_processed.csv,-6.516048090695641,2.714912030564202
lc_2021via_ZTF21abrhhty_processed.csv,-5.495264112672112,1.8880432992792573
lc_2021vib_ZTF21abrhggj_processed.csv,-2.593708776479998,3.306754479865444
lc_2021vjb_ZTF18abhhfhe_processed.csv,-10.969633254743092,1.2232100439297655
lc_2021vqd_ZTF21abrhhek_processed.csv,-4.214370801124394,2.1741036148014525
lc_2021vtv_ZTF21abrllqs_processed.csv,-7.016335514332998,7.753532497124137
lc_2021vwj_ZTF21abrhujh_processed.csv,-1.3989173740325396,1.573311218390255
lc_2021vzh_ZTF21abtfjzb_processed.csv,-6.228262718778693,7.106630900094557
lc_2021wmh_ZTF21abtqqih_processed.csv,-8.639385569248425,2.887024503341988
lc_2021wue_ZTF21abukrln_processed.csv,-2.3219919948476364,1.9235904796797616
lc_2021wwt_ZTF21abuuvqz_processed.csv,-1.632722062913916,3.184585271129768
lc_2021xan_ZTF21abvhxyk_processed.csv,-3.6364811480499792,1.8240265684513544
lc_2021xbb_ZTF21abukwfl_processed.csv,-7.119910926015823,6.475186197272253
lc_2021xbm_ZTF21abwcned_processed.csv,-2.583649108047462,1.9025295973346124
lc_2021xbq_ZTF21abwboir_processed.csv,,
lc_2021xdj_ZTF21abulckh_processed.csv,,
lc_2021xdx_ZTF21abwjibi_processed.csv,-5.318213403349212,1.3947126074721317
lc_2021xes_ZTF21abvvivq_processed.csv,0.5165689385438763,0.8035211094022982
lc_2021xev_ZTF21abvudhk_processed.csv,-14.197086137088782,3.756724440700257
lc_2021xgw_ZTF21abwxsud_processed.csv,,
lc_2021xhj_ZTF21abxmvby_processed.csv,0.8523442073567865,3.7972099584373566
lc_2021xhq_ZTF21abuxitb_processed.csv,,
lc_2021xis_ZTF21abwzyzs_processed.csv,0.8952543577451341,1.5170179909743504
lc_2021xjl_ZTF21abwcnpe_processed.csv,-6.593500803174013,1.4366472550132507
lc_2021xls_ZTF21abwdhyj_processed.csv,-7.3076707804905245,2.1122097956296577
lc_2021xmj_ZTF21abxdact_processed.csv,,
lc_2021xmk_ZTF21abxaccr_processed.csv,,
lc_2021xoh_ZTF21abvdazf_processed.csv,,
lc_2021xoi_ZTF21abxdcmp_processed.csv,-0.5885453408443746,0.944260325897308
lc_2021xpn_ZTF21abxbvrg_processed.csv,,
lc_2021xpo_ZTF21abxbklo_processed.csv,-6.8801210569100135,4.706098773390132
lc_2021xps_ZTF21abwzwdd_processed.csv,,
lc_2021xqg_ZTF21abwuvmz_processed.csv,,
lc_2021xqq_ZTF21abwkxmm_processed.csv,-2.738857227506054,2.006350195599536
lc_2021xqs_ZTF21abwjzvu_processed.csv,-10.144826466365988,4.057509045908594
lc_2021xqu_ZTF21abwjmsj_processed.csv,-4.121132755365702,1.2191192634977426
lc_2021xrc_ZTF21abvvzhr_processed.csv,-8.72703934297647,0.7621130814094568
lc_2021xrp_ZTF21abvaurz_processed.csv,-2.248077690683841,1.0566326004592237
lc_2021xrv_ZTF21abutvjn_processed.csv,-8.136276447049164,2.2930103735207323
lc_2021xts_ZTF21abvyxhc_processed.csv,-2.55773826196679,10.04426949184212
lc_2021xuj_ZTF21abxknvv_processed.csv,-5.716635972734138,4.0591730336066565
lc_2021xvg_ZTF21abwtnzp_processed.csv,-1.0991969987000845,2.4552484101793914
lc_2021xxn_ZTF21abxlpkc_processed.csv,-3.298181588895773,3.5474126871269367
lc_2021xxz_ZTF21abwxhje_processed.csv,-5.975358464566844,1.8297839227717432
lc_2021xzf_ZTF21abyfxqr_processed.csv,-3.5962837929805165,8.656350981836418
lc_2021xzj_ZTF21abycivl_processed.csv,-1.3950281073071733,1.8138060746558111
lc_2021xzl_ZTF21abybgjx_processed.csv,-3.626187822062653,0.8805964352608369
lc_2021yab_ZTF21abxaazp_processed.csv,-5.736965594197892,1.5333812834122766
lc_2021yaz_ZTF19abstsvm_processed.csv,-0.7926355365324783,0.8180080495660901
lc_2021ybw_ZTF21abxjcdc_processed.csv,1.2900261343637112,1.360049418666306
lc_2021ycy_ZTF21abybnni_processed.csv,-6.674548549306152,7.265236910237861
lc_2021ydb_ZTF21abxpinb_processed.csv,2.2520725732462745,1.1277666920445903
lc_2021yeu_ZTF21abxwfrx_processed.csv,-4.028372631942625,0.9278055719081704
lc_2021yfc_ZTF21abzalvk_processed.csv,-4.35959601769602,0.979355609554157
lc_2021yfi_ZTF21abzbwfo_processed.csv,-10.094928424837802,9.514488901781608
lc_2021yfy_ZTF21abyfkzb_processed.csv,-7.884832676304393,1.0736919926047876
lc_2021ygb_ZTF21abyccbk_processed.csv,-5.306752826432699,2.1520789667837725
lc_2021ygc_ZTF21abybwdz_processed.csv,-5.176164130991275,3.971384062788855
lc_2021ygg_ZTF21abxmjqd_processed.csv,,
lc_2021yhb_ZTF21abxwuvo_processed.csv,-2.9452675215506563,0.9360079437474704
lc_2021yhe_ZTF21abxmxst_processed.csv,-3.631030118511777,3.1478913798949097
lc_2021yib_ZTF21abziocf_processed.csv,-5.534299753053969,1.356132406822099
lc_2021yiq_ZTF21abyobdq_processed.csv,-5.10170205908677,2.446055735176119
lc_2021ylb_ZTF21abyfywy_processed.csv,-6.643005087516788,5.020119051481397
lc_2021yly_ZTF21abylukk_processed.csv,-3.754121234002956,2.11517820789828
lc_2021ync_ZTF21abulmsa_processed.csv,-4.9847199480535735,2.8340622067732126
lc_2021yoc_ZTF21acaidwu_processed.csv,-7.81299412582481,2.9402980322453662
lc_2021yon_ZTF21abxdkwj_processed.csv,-5.90845274141578,10.903546103923867
lc_2021yse_ZTF21acblyia_processed.csv,-4.506460337206322,1.938762398402724
lc_2021ysn_ZTF21acbjxhr_processed.csv,-0.5261009904773147,2.4357341902799146
lc_2021yvl_ZTF21acaypuf_processed.csv,-9.08637125043857,9.096902166335113
lc_2021yyt_ZTF21accirkq_processed.csv,-5.962332703625112,1.4750693270477488
lc_2021yyu_ZTF21accibae_processed.csv,-4.530442342938714,1.0799790627281958
lc_2021zba_ZTF21acbrsur_processed.csv,1.27175404939753,1.4851161870891996
lc_2021zce_ZTF21acapygj_processed.csv,-7.5355550805255325,3.361808221836055
lc_2021zch_ZTF21accxjbf_processed.csv,-14.70127966493635,2.973288177936286
lc_2021zco_ZTF21accwcrh_processed.csv,-3.5022049283605594,4.781560662276818
lc_2021zcv_ZTF21accuexh_processed.csv,-6.853977582018894,6.6907023378542085
lc_2021zdo_ZTF21acculro_processed.csv,-3.066407120054615,3.1100324880122656
lc_2021zny_ZTF21acdmwae_processed.csv,1.2945276268274537,4.473619415623983
lc_2021zoj_ZTF21acdtosh_processed.csv,0.8414758964950372,9.146624140431085
lc_2021zqs_ZTF21aceenyc_processed.csv,-8.20735602736901,5.532803325906105
lc_2021zrm_ZTF21acecpxo_processed.csv,-5.53979366560841,0.7253763398740518
lc_2021zrn_ZTF21acecpng_processed.csv,-11.050217451335866,8.991027366012428
lc_2021zr_ZTF21aadiqbt_processed.csv,-9.230736274863473,6.255332920511871
lc_2021zua_ZTF21aceligv_processed.csv,-0.6503786377113836,4.362994172187595
lc_2021zvu_ZTF21acdzlhz_processed.csv,-9.08078429939934,7.082112659934474
lc_2022abd_ZTF22aaabpgj_processed.csv,-5.844982188878862,1.535885834641571
lc_2022adv_ZTF22aaabvie_processed.csv,,
lc_2022aee_ZTF22aaabovl_processed.csv,-14.576801243082706,5.562019359952812
lc_2022ahq_ZTF18aacrptw_processed.csv,-11.415067782331311,4.97571054970962
lc_2022aji_ZTF22aaafjmx_processed.csv,-1.7006869152835424,1.9489755381054124
lc_2022ajw_ZTF22aaacswh_processed.csv,-9.070965966564405,4.785955555058337
lc_2022anw_ZTF22aaaitrz_processed.csv,-11.511738481129052,4.406043329571098
lc_2022arf_ZTF22aaaflab_processed.csv,-16.633455297174493,9.261324298242393
lc_2022bdu_ZTF22aaaybuv_processed.csv,-2.232888090257948,6.133514558862479
lc_2022bii_ZTF22aaayfie_processed.csv,-14.627147057923333,10.834413817913203
lc_2022bjn_ZTF22aaayjci_processed.csv,-6.448268731431138,6.5653791099986725
lc_2022bkf_ZTF22aaaobbw_processed.csv,-13.421086598707138,13.160851076157735
lc_2022blw_ZTF22aaayewi_processed.csv,-10.30923519556873,4.994097465355988
lc_2022bmc_ZTF22aaajoxo_processed.csv,-0.7794457906698851,6.397253386486023
lc_2022bss_ZTF22aaapbjr_processed.csv,,
lc_2022byn_ZTF22aaauqma_processed.csv,,
lc_2022bzq_ZTF22aaaftur_processed.csv,,
lc_2022bzr_ZTF22aaaftsi_processed.csv,-6.707063666853954,8.425613641144777
lc_2022cag_ZTF18aarliov_processed.csv,-13.022572333409514,9.900993505338114
lc_2022ccq_ZTF22aaahvbf_processed.csv,-7.957115841791232,12.302931491732654
lc_2022ccs_ZTF22aaafgpg_processed.csv,-8.092053382055438,9.362013001700229
lc_2022cdt_ZTF22aaafkgi_processed.csv,-5.783737515011659,8.597238072528684
lc_2022cdw_ZTF22aaafgfv_processed.csv,,
lc_2022ced_ZTF18aaqwiic_processed.csv,-11.350923981339,9.174948283855336
lc_2022ceo_ZTF22aaayfwo_processed.csv,-9.33641507491628,8.33296859452615
lc_2022cgk_ZTF22aaaybet_processed.csv,-5.793616834422322,8.885988142759528
lc_2022cjq_ZTF22aaafjrx_processed.csv,-14.975424358228128,9.858751451541718
lc_2022cjr_ZTF22aaafjrb_processed.csv,-9.817131996452904,10.16836912854918
lc_2022cnk_ZTF18aamstrn_processed.csv,,
lc_2022cof_ZTF22aaafjln_processed.csv,-7.070635550056689,7.54478593853977
lc_2022cot_ZTF22aaafnni_processed.csv,-7.815518242818805,12.95420621564122
lc_2022cou_ZTF22aaafbml_processed.csv,-16.7322866261013,9.39753388411455
lc_2022cox_ZTF18aaiwewk_processed.csv,-3.6826655357567537,5.205636989984999
lc_2022cqh_ZTF22aaafgye_processed.csv,-12.473338165708007,9.041307192548167
lc_2022cuf_ZTF22aaaikjo_processed.csv,-7.012746613925321,11.094649994073054
lc_2022cvc_ZTF22aabozri_processed.csv,-9.29238798851918,7.499216943721485
lc_2022cvf_ZTF22aabowjk_processed.csv,-5.7717527923543805,4.015126420567545
lc_2022cvj_ZTF22aaboaww_processed.csv,-5.61582237664553,3.022995628468834
lc_2022cwf_ZTF22aaaonhk_processed.csv,-6.04160970226189,9.003557069391997
lc_2022dag_ZTF22aabwfvz_processed.csv,-3.120703135601116,2.069741057242463
lc_2022dbs_ZTF22aabtvdh_processed.csv,-4.861954840444007,10.48531139402928
lc_2022dii_ZTF22aabvnpm_processed.csv,,
lc_2022dka_ZTF22aabulyg_processed.csv,-13.483202619597332,9.396278230827887
lc_2022dkp_ZTF22aachjrp_processed.csv,-3.10513481208848,3.7610823028017455
lc_2022dma_ZTF22aabwfss_processed.csv,-3.016080392555878,35.34369256459218
lc_2022dme_ZTF18abfdxbt_processed.csv,-5.447689991449367,2.9526313111170897
lc_2022dmr_ZTF18acidwhi_processed.csv,,
lc_2022doe_ZTF22aabyzlz_processed.csv,-8.833945349434766,2.883616592287344
lc_2022doj_ZTF22aabwxnp_processed.csv,17.716011277818005,66.58276762763931
lc_2022dom_ZTF22aabwgab_processed.csv,-8.303670547697923,4.836432451800476
lc_2022don_ZTF22aabvgeo_processed.csv,-5.335623361851938,13.381386238325106
lc_2022dvr_ZTF18aalozvy_processed.csv,4.839567807076191,2.1636041366945573
lc_2022dyu_ZTF22aacdkzo_processed.csv,-6.316052321431616,8.433098602029828
lc_2022eat_ZTF22aacrugz_processed.csv,-1.2884288673831106,6.6636283550192825
lc_2022eaz_ZTF18aahvpcy_processed.csv,-8.055812319477928,5.789570969277587
lc_2022eba_ZTF22aabowtj_processed.csv,-11.180246271949404,5.456034021458539
lc_2022ebo_ZTF22aabwtbb_processed.csv,,
lc_2022eea_ZTF22aacxovy_processed.csv,-7.395682447796141,4.728822311034022
lc_2022een_ZTF22aacrwal_processed.csv,-3.24572698597762,8.54367717990535
lc_2022eex_ZTF22aacdvmg_processed.csv,-5.440688825627851,4.816868861448028
lc_2022efa_ZTF22aacdnxj_processed.csv,,
lc_2022efb_ZTF22aacdnwg_processed.csv,-9.587816247625346,4.3020023554236735
lc_2022efc_ZTF22aacdmko_processed.csv,,
lc_2022egv_ZTF22aacidxk_processed.csv,-3.2939542235984867,1.4468442137769926
lc_2022eja_ZTF18aabkubl_processed.csv,-7.352717128374231,10.905668234214591
lc_2022emd_ZTF20aahgkts_processed.csv,-12.247656146828302,9.408240009915124
lc_2022erx_ZTF22aaeazxf_processed.csv,-4.663748071733462,4.539964684149623
lc_2022eti_ZTF22aaeahkx_processed.csv,-4.909905569537656,3.4749162313243227
lc_2022eyu_ZTF22aadoypp_processed.csv,,
lc_2022eyw_ZTF22aadeqxu_processed.csv,29.691737750032825,196.392626282398
lc_2022eyy_ZTF22aadliib_processed.csv,,
lc_2022ezj_ZTF22aadnyac_processed.csv,,
lc_2022fab_ZTF22aafunab_processed.csv,-16.420408744761033,75.73972772989053
lc_2022fad_ZTF22aadpgde_processed.csv,,
lc_2022fdw_ZTF22aaddxva_processed.csv,-7.036755322980181,1.6181077041911829
lc_2022ik_ZTF22aaadmlp_processed.csv,-9.381563350290254,3.447517676751764
lc_2022mo_ZTF22aaacpav_processed.csv,-4.790423288444615,1.0072192355279015
lc_2022qs_ZTF22aaacpjr_processed.csv,-11.891026532962384,10.768733171551974
lc_2022re_ZTF22aaabpkx_processed.csv,-5.842619221676017,0.8852473183506153
lc_2022zr_ZTF22aaabpsx_processed.csv,0.8507613616254689,1.0727362794511155
